{
  "modid": "byg",
  "logs": [
    {
      "name": "fallen_aspen_log",
      "block_id": "byg:aspen_log",
      "log_texture": "byg:block/aspen/log",
      "inner_log_texture": "byg:block/aspen/stripped_log"
    },
    {
      "name": "fallen_baobab_log",
      "block_id": "byg:baobab_log",
      "log_texture": "byg:block/baobab/log",
      "inner_log_texture": "byg:block/baobab/stripped_log"
    },
    {
      "name": "fallen_blue_enchanted_log",
      "block_id": "byg:blue_enchanted_log",
      "log_texture": "byg:block/blue_enchanted/log",
      "inner_log_texture": "byg:block/blue_enchanted/stripped_log"
    },
    {
      "name": "fallen_cherry_log",
      "block_id": "byg:cherry_log",
      "log_texture": "byg:block/cherry/log",
      "inner_log_texture": "byg:block/cherry/stripped_log"
    },
    {
      "name": "fallen_cika_log",
      "block_id": "byg:cika_log",
      "log_texture": "byg:block/cika/log",
      "inner_log_texture": "byg:block/cika/stripped_log"
    },
    {
      "name": "fallen_cypress_log",
      "block_id": "byg:cypress_log",
      "log_texture": "byg:block/cypress/log",
      "inner_log_texture": "byg:block/cypress/stripped_log"
    },
    {
      "name": "fallen_ebony_log",
      "block_id": "byg:ebony_log",
      "log_texture": "byg:block/ebony/log",
      "inner_log_texture": "byg:block/ebony/stripped_log"
    },
    {
      "name": "fallen_ether_log",
      "block_id": "byg:ether_log",
      "log_texture": "byg:block/ether/log",
      "inner_log_texture": "byg:block/ether/stripped_log"
    },
    {
      "name": "fallen_fir_log",
      "block_id": "byg:fir_log",
      "log_texture": "byg:block/fir/log",
      "inner_log_texture": "byg:block/fir/stripped_log"
    },
    {
      "name": "fallen_green_enchanted_log",
      "block_id": "byg:green_enchanted_log",
      "log_texture": "byg:block/green_enchanted/log",
      "inner_log_texture": "byg:block/green_enchanted/stripped_log"
    },
    {
      "name": "fallen_holly_log",
      "block_id": "byg:holly_log",
      "log_texture": "byg:block/holly/log",
      "inner_log_texture": "byg:block/holly/stripped_log"
    },
    {
      "name": "fallen_jacaranda_log",
      "block_id": "byg:jacaranda_log",
      "log_texture": "byg:block/jacaranda/log",
      "inner_log_texture": "byg:block/jacaranda/stripped_log"
    },
    {
      "name": "fallen_lament_log",
      "block_id": "byg:lament_log",
      "log_texture": "byg:block/lament/log",
      "inner_log_texture": "byg:block/lament/stripped_log"
    },
    {
      "name": "fallen_mahogany_log",
      "block_id": "byg:mahogany_log",
      "log_texture": "byg:block/mahogany/log",
      "inner_log_texture": "byg:block/mahogany/stripped_log"
    },
    {
      "name": "fallen_white_mangrove_log",
      "block_id": "byg:white_mangrove_log",
      "log_texture": "byg:block/white_mangrove/log",
      "inner_log_texture": "byg:block/white_mangrove/stripped_log"
    },
    {
      "name": "fallen_maple_log",
      "block_id": "byg:maple_log",
      "log_texture": "byg:block/maple/log",
      "inner_log_texture": "byg:block/maple/stripped_log"
    },
    {
      "name": "fallen_nightshade_log",
      "block_id": "byg:nightshade_log",
      "log_texture": "byg:block/nightshade/log",
      "inner_log_texture": "byg:block/nightshade/stripped_log"
    },
    {
      "name": "fallen_palm_log",
      "block_id": "byg:palm_log",
      "log_texture": "byg:block/palm/log",
      "inner_log_texture": "byg:block/palm/stripped_log"
    },
    {
      "name": "fallen_pine_log",
      "block_id": "byg:pine_log",
      "log_texture": "byg:block/pine/log",
      "inner_log_texture": "byg:block/pine/stripped_log"
    },
    {
      "name": "fallen_rainbow_eucalyptus_log",
      "block_id": "byg:rainbow_eucalyptus_log",
      "log_texture": "byg:block/rainbow_eucalyptus/log",
      "inner_log_texture": "byg:block/rainbow_eucalyptus/stripped_log"
    },
    {
      "name": "fallen_redwood_log",
      "block_id": "byg:redwood_log",
      "log_texture": "byg:block/redwood/log",
      "inner_log_texture": "byg:block/redwood/stripped_log"
    },
    {
      "name": "fallen_skyris_log",
      "block_id": "byg:skyris_log",
      "log_texture": "byg:block/skyris/log",
      "inner_log_texture": "byg:block/skyris/stripped_log"
    },
    {
      "name": "fallen_bulbis_stem",
      "block_id": "byg:bulbis_stem",
      "log_texture": "byg:block/bulbis/log",
      "inner_log_texture": "byg:block/bulbis/stripped_log"
    },
    {
      "name": "fallen_sythian_stem",
      "block_id": "byg:sythian_stem",
      "log_texture": "byg:block/sythian/log",
      "inner_log_texture": "byg:block/sythian/stripped_log"
    },
    "byg:palo_verde_log"
  ]
}