{
  "modid": "hexcasting",
  "logs": [
    "hexcasting:edified_log",
    {
      "name": "fallen_edified_purple_log",
      "block_id": "hexcasting:edified_log_purple",
      "log_texture": "hexcasting:block/deco/edified_log_purple",
      "inner_log_texture": "hexcasting:block/stripped_edified_log"
    },
    {
      "name": "fallen_edified_amethyst_log",
      "block_id": "hexcasting:edified_log_amethyst",
      "log_texture": "hexcasting:block/deco/edified_log_amethyst",
      "inner_log_texture": "hexcasting:block/stripped_edified_log"
    },
    {
      "name": "fallen_edified_aventurine_log",
      "block_id": "hexcasting:edified_log_aventurine",
      "log_texture": "hexcasting:block/deco/edified_log_aventurine",
      "inner_log_texture": "hexcasting:block/stripped_edified_log"
    },
    {
      "name": "fallen_edified_citrine_log",
      "block_id": "hexcasting:edified_log_citrine",
      "log_texture": "hexcasting:block/deco/edified_log_citrine",
      "inner_log_texture": "hexcasting:block/stripped_edified_log"
    }
  ]
}